Rotina;Predecessora/Hora;Rotinas_Predecessoras_1;Rotinas_Predecessoras_2;Rotinas_Predecessoras_3;Rotinas_Predecessoras_4;Rotinas_Predecessoras_5;Rotinas_Predecessoras_6;Rotinas_Predecessoras_7;Freq;Tabela/Processo;ativa/descontinuada;Linguagem
BI03DC79;06:00:00;;;;;;;;"FREQ=DAILY;INTERVAL=1";rwzd_crm_sap.casa_cliente_bcm;SIM;TACACA
BI03DD73;08:00:00;;;;;;;;"FREQ=DAILY;INTERVAL=1";NULL;DESCONTINUADA;TACACA
BI03DD75;NULL;BI03SC33_CDP ; BI03SC34_CDP ; BI03SC35_CDP ;BI03SC36_CDP ;;;;"FREQ=DAILY;INTERVAL=1";rfzd_fidelidade.cliente_stix;SIM;TACACA
BI03DD99;NULL;BI03SC62_CDP;;;;;;;"FREQ=DAILY;INTERVAL=1";tszd_adobe_analytics.app_hit_data;SIM;PYSPARK
BI03DE23;NULL;BI03DD99_CDP;;;;;;;"FREQ=DAILY;INTERVAL=1";rfzd_adode_analytics.app_adobe;SIM;TACACA
BI03DE24;NULL;BI03SC40_CDP;;;;;;;"FREQ=DAILY;INTERVAL=1";tszd_fidelidade.industria_cliente_missao;SIM;PYSPARK
BI03DE28;NULL;BI03DG58_CDP;;;;;;;"FREQ=DAILY;INTERVAL=1";tszd_fidelidade.industria_missao;SIM;PYSPARK
BI03DE33;NULL;BI03DE23_CDP;;;;;;;"FREQ=DAILY;INTERVAL=1";Shell Envio Responsys - rfzv_cliente.v_resp_app_adobe_ex;SIM;PYSPARK
BI03DE34;NULL;BI03DE23_CDP;;;;;;;"FREQ=DAILY;INTERVAL=1";Shell Envio Responsys - rfzv_cliente.v_resp_app_adobe_pa;SIM;PYSPARK
BI03DE36;06:00:00;06:00:00; BI03SB36_CDP ;BI03SB51_CDP ;BI03SB52_CDP ;BI03SB53_CDP ;BI03SB59_CDP ;;"FREQ=DAILY;INTERVAL=1";Shell Envio Adobe - rfzv_cliente.v_adobe_cliente;SIM;PYSPARK
BI03DE37;NULL;BI89DA08_CDP;;;;;;;"FREQ=DAILY;INTERVAL=1";rwzd_crm_sap.cdp_estrutura_categorias_cx;SIM;TACACA
BI03DE38;NULL;BI89DA08_CDP;;;;;;;"FREQ=DAILY;INTERVAL=1";rwzd_crm_sap.cdp_scores_rfm;SIM;TACACA
BI03DE39;NULL;BI03DE37_CDP;;;;;;;"FREQ=DAILY;INTERVAL=1";TSZD_CLIENTE.cdp_estrutura_categoria_cx;SIM;TACACA
BI03DE40;NULL;BI03DE38_CDP;;;;;;;"FREQ=DAILY;INTERVAL=1";tszd_cliente. cdp_score_rfm;SIM;TACACA
BI03DE41;06:00:00;;;;;;;;"FREQ=DAILY;INTERVAL=1";Shell Envio Adobe - rfzv_cliente.v_adobe_produto;SIM;PYSPARK
BI03DE42;10:00:00;;;;;;;;"FREQ=DAILY;INTERVAL=1";Shell Envio Dunnhumby - rfzv_cliente.v_dunn_ecom_cliente_cupom;SIM;PYSPARK
BI03DG53;10:00:00;BI03DE42_CDP;;;;;;;"FREQ=DAILY;INTERVAL=1";Shell Envio Dunnhumby - rfzv_cliente.v_dunn_james_cliente_cupom;SIM;PYSPARK
BI03DG54;NULL;BI03SC41_CDP;BI03SC47_CDP;;;;;;"FREQ=DAILY;INTERVAL=1";rfzd_responsys.retorno_campanha_sms;SIM;TACACA
BI03DG55;NULL;BI03SB60_CDP;BI03SB61_CDP;;;;;;"FREQ=DAILY;INTERVAL=1";rfzd_responsys.retorno_campanha_email;SIM;TACACA
BI03DG56;06:00:00;;;;;;;;"FREQ=DAILY;INTERVAL=1";rwzd_dunnhumby.age_description;SIM;PYSPARK
BI03DG57;NULL;BI03DC40_HDPDP05;;;;;;;"FREQ=DAILY;INTERVAL=1";wrkd_cdp.wrk_cust_missions;SIM;PYSPARK
BI03DG58;NULL;BI03DC39_HDPDP05;;;;;;;"FREQ=DAILY;INTERVAL=1";wrkd_cdp.wrk_mission_report;SIM;TACACA
BI03DG59;06:00:00;;;;;;;;"FREQ=DAILY;INTERVAL=1";rwzd_dunnhumby.price_description;SIM;PYSPARK
BI03DG60;06:00:00;;;;;;;;"FREQ=DAILY;INTERVAL=1";rwzd_dunnhumby.state_code_description;SIM;PYSPARK
BI03DG65;06:00:00;;;;;;;;"FREQ=DAILY;INTERVAL=1";rwzd_dunnhumby.gender_description;SIM;PYSPARK
BI03DG66;NULL;BI03SC55_CDP;;;;;;;"FREQ=DAILY;INTERVAL=1";rfzv_cliente.v_resp_score_rfm_categoria_al_pa;SIM;PYSPARK
BI03DH21;NULL;BI03SC55_CDP;;;;;;;"FREQ=DAILY;INTERVAL=1";rfzv_cliente.v_resp_score_rfm_categoria_al_ex ;SIM;PYSPARK
BI03DH22;NULL;BI03SC55_CDP;;;;;;;"FREQ=DAILY;INTERVAL=1";rfzv_cliente.v_resp_score_rfm_categoria_nal_pa;SIM;PYSPARK
BI03DH23;NULL;BI03SC55_CDP;;;;;;;"FREQ=DAILY;INTERVAL=1";rfzv_cliente.v_resp_score_rfm_categoria_nal_ex;SIM;PYSPARK
BI03DH24;NULL;BI03SB35_CDP;BI03SB51_CDP;BI03SB52_CDP;;;;;"FREQ=DAILY;INTERVAL=1";Shell Envio Responsys -  rfzv_cliente.v_resp_cliente_ex_sap_ecom;SIM;PYSPARK
BI03DH25;NULL;BI03DH24_CDP;BI03SB36_CDP;BI03SB51_CDP;BI03SB52_CDP;;;;"FREQ=DAILY;INTERVAL=1";Shell Envio Responsys - rfzv_cliente.v_resp_cliente_pa_sap_ecom;SIM;PYSPARK
BI03DH26;12:00:00;;;;;;;;"FREQ=DAILY;INTERVAL=1";rwzd_teradata.produto_index_ult_visao;SIM;PYSPARK
BI03DH27;06:00:00; BI03DH26_CDP ;;;;;;;"FREQ=DAILY;INTERVAL=1";rwzd_teradata.fornecedor_ult_visao;SIM;PYSPARK
BI03DH28;06:00:00;;;;;;;;"FREQ=DAILY;INTERVAL=1";"rwzd_dunnhumby.md_un_structure;";SIM;PYSPARK
BI03DH29;06:00:00;;;;;;;;"FREQ=DAILY;INTERVAL=1";rwzd_dunnhumby.offer_tab;SIM;PYSPARK
BI03DH30;06:00:00;;;;;;;;"FREQ=DAILY;INTERVAL=1";rwzd_fic.dn_bins;SIM;TACACA
BI03DH31;06:00:00;;;;;;;;"FREQ=DAILY;INTERVAL=1";Shell Envio Responsys - rfzv_cliente.v_resp_cliente_comp_compra_ecom_ex;SIM;PYSPARK
BI03DH32;06:00:00;;;;;;;;"FREQ=DAILY;INTERVAL=1";Shell Envio Responsys - rfzv_cliente.v_resp_cliente_comp_compra_ecom_pa;SIM;PYSPARK
BI03DH33;06:00:00;;;;;;;;"FREQ=DAILY;INTERVAL=1";Shell Envio Responsys - rfzv_cliente.v_resp_cliente_comp_compra_ex;SIM;PYSPARK
BI03DH34;06:00:00;;;;;;;;"FREQ=DAILY;INTERVAL=1";Shell Envio Responsys - rfzv_cliente.v_resp_cliente_comp_compra_pa;SIM;PYSPARK
BI03DH35;06:00:00; BI03SB70_CDP;;;;;;;"FREQ=DAILY;INTERVAL=1";Shell Envio Responsys - rwzv_teradata.v_resp_meus_premios_resgate_pa;SIM;PYSPARK
BI03DH36;06:00:00; BI03SB70_CDP;;;;;;;"FREQ=DAILY;INTERVAL=1";Shell Envio Responsys - rwzv_teradata.v_resp_meus_premios_resgate_ex;SIM;PYSPARK
BI03DH37;06:00:00; BI03SB70_CDP;;;;;;;"FREQ=DAILY;INTERVAL=1";Shell Envio Responsys - rwzv_teradata.v_resp_meus_premios_desafio_pa;SIM;PYSPARK
BI03DH38;06:00:00; BI03SB70_CDP;;;;;;;"FREQ=DAILY;INTERVAL=1";Shell Envio Responsys - rwzv_teradata.v_resp_meus_premios_desafio_ex;SIM;PYSPARK
BI03DH39;NULL;BI03SB46_CDP;;;;;;;"FREQ=DAILY;INTERVAL=1";Shell Envio Responsys - rfzv_cliente.v_resp_loja_preferencial_pa;SIM;PYSPARK
BI03DH40;NULL;BI03DH39_CDP;BI03SB46_CDP;;;;;;"FREQ=DAILY;INTERVAL=1";Shell Envio Responsys - rfzv_cliente.v_resp_loja_preferencial_ex;SIM;PYSPARK
BI03DH41;NULL;BI03DH40_CDP;BI03SB46_CDP;;;;;;"FREQ=DAILY;INTERVAL=1";Shell Envio Responsys - rfzv_cliente.v_resp_loja_preferencial_mv_pa;SIM;PYSPARK
BI03DH42;NULL;BI03DH41_CDP;BI03SB46_CDP;;;;;;"FREQ=DAILY;INTERVAL=1";Shell Envio Responsys - rfzv_cliente.v_resp_loja_preferencial_mv_ex;SIM;PYSPARK
BI03DH43;NULL;BI03SC16_CDP;BI03SC17_CDP;BI03SC19_CDP;;;;;"FREQ=DAILY;INTERVAL=1";tszd_cliente.segm_dunnhumby_new;SIM;PYSPARK
BI03DH44;05:00:00;;;;;;;;"FREQ=DAILY;INTERVAL=1";rfzd_fidelidade.cliente_meu_desconto;SIM;PYSPARK
BI03DH45;NULL;BI03DH44_CDP;;;;;;;"FREQ=DAILY;INTERVAL=1";Shell Envio Responsys  - rfzv_cliente.v_resp_cliente_meu_desconto_pa ;SIM;PYSPARK
BI03DH46;NULL;BI03DH44_CDP;;;;;;;"FREQ=DAILY;INTERVAL=1";Shell Envio Responsys  - rfzv_cliente.v_resp_cliente_meu_desconto_ex;SIM;PYSPARK
BI03DH47;06:00:00;;;;;;;;"FREQ=DAILY;INTERVAL=1";Shell Envio Responsys - rfzd_pricing.v_resp_estrutura_operacional;SIM;PYSPARK
BI03DH48;NULL;BI03SB85_CDP;;;;;;;"FREQ=DAILY;INTERVAL=1";Shell Envio Responsys - rfzd_cliente.v_resp_ex_cliente_fic;SIM;PYSPARK
BI03DH49;NULL;BI03SB85_CDP;;;;;;;"FREQ=DAILY;INTERVAL=1";Shell Envio Responsys - rfzd_cliente.v_resp_pa_cliente_fic;SIM;PYSPARK
BI03DH50;NULL;BI03SC84_CDP;;;;;;;"FREQ=DAILY;INTERVAL=1";tszd_adobe_analytics.site_hit_data;SIM;PYSPARK
BI03DH51;NULL;BI03DH43_CDP;BI03SB31_CDP;BI03SB32_CDP;BI03SB33_CDP;BI03SB34_CDP;BI03SB51_CDP;BI03SB52_CDP;"FREQ=DAILY;INTERVAL=1";rfzd_cliente.cliente_comport_compra_new;SIM;PYSPARK
BI03DH52;NULL;BI03DH50_CDP;;;;;;;"FREQ=DAILY;INTERVAL=1";Shell Responsys - rfzd_cliente.v_site_hit_data_pao;SIM;PYSPARK
BI03DH53;NULL;BI03DH50_CDP;;;;;;;"FREQ=DAILY;INTERVAL=1";Shell Responsys - rfzd_cliente.v_site_hit_data_extra;SIM;PYSPARK
BI03DH54;06:00:00;;;;;;;;"FREQ=DAILY;INTERVAL=1";Shell Envio Responsys - rfzv_cliente.v_ult_comp_james_pao;SIM;PYSPARK
BI03DH55;06:00:00;;;;;;;;"FREQ=DAILY;INTERVAL=1";rwzd_dunnhumby.product_structure;SIM;PYSPARK
BI03DH56;10:00:00;BI03DH85_CDP;;;;;;;"FREQ=DAILY;INTERVAL=1";Shell RelevanC - rfzd_cliente.relevanc_card;SIM;PYSPARK
BI03DH57;NULL;BI03DH78_CDP;;;;;;;"FREQ=DAILY;INTERVAL=1";Shell RelevanC - rfzd_cliente.relevanc_basket;SIM;PYSPARK
BI03DH58;06:00:00;;;;;;;;"FREQ=DAILY;INTERVAL=1";Shell Envio Responsys - rfzv_cliente.v_ult_comp_james_extra;SIM;PYSPARK
BI03DH59;06:00:00;;;;;;;;"FREQ=DAILY;INTERVAL=1";rwzd_dunnhumby.personas;SIM;TACACA
BI03DH60;NULL;BI03DH26_CDP;BI03DH27_CDP;BI03DH28_CDP;BI03DH55_CDP;;;;"FREQ=DAILY;INTERVAL=1";rfzd_dunnhumby.estrutura_produto;SIM;PYSPARK
BI03DH61;NULL;BI03DH60_CDP;;;;;;;"FREQ=DAILY;INTERVAL=1";tszd_dunnhumby.produto_estado;SIM;PYSPARK
BI03DH62;NULL;BI03DH61_CDP ;;;;;;;"FREQ=DAILY;INTERVAL=1";rwzd_dunnhumby.prod_hier_l30_code;SIM;TACACA
BI03DH63;NULL;BI03DH43_CDP;BI03DH60_CDP;BI03SB96_CDP;;;;;"FREQ=DAILY;INTERVAL=1";rfzd_dunnhumby.cliente_compra_un_produto;SIM;PYSPARK
BI03DH64;NULL;BI03DH77_CDP;;;;;;;"FREQ=DAILY;INTERVAL=1";Shell RelevanC - rfzd_cliente.relevanc_item;SIM;PYSPARK
BI03DH65;09:00:00;;;;;;;;"FREQ=DAILY;INTERVAL=1";Shell RelevanC - rfzd_cliente.elevanc_store;SIM;PYSPARK
BI03DH66;NULL;BI03DH59_CDP;;;;;;;"FREQ=DAILY;INTERVAL=1";tszd_dunnhumby.persona;SIM;PYSPARK
BI03DH67;NULL;BI03DH62_CDP;;;;;;;"FREQ=DAILY;INTERVAL=1";tszd_dunnhumby.prod_hier_l30_code;SIM;PYSPARK
BI03DH68;06:00:00;;;;;;;;"FREQ=DAILY;INTERVAL=1";tszd_dunnhumby.cliente_estado;SIM;PYSPARK
BI03DH69;NULL;BI03DH26_CDP;BI03DH27_CDP;;;;;;"FREQ=DAILY;INTERVAL=1";Shell RelevanC - rfzd_cliente.elevanc_product;SIM;PYSPARK
BI03DH74;NULL;BI03DE24_CDP;;;;;;;"FREQ=DAILY;INTERVAL=1";Maintenance CRM;SIM;PYSPARK
BI03DH75;03:05:00;;;;;;;;"FREQ=DAILY;INTERVAL=1";rwzd_fidelidade.mp_credit_customer;SIM;TACACA
BI03DH76;03:05:00; BI03DH75_CDP ;;;;;;;"FREQ=DAILY;INTERVAL=1";rwzd_fidelidade.stix_credits_rules;SIM;TACACA
BI03DH77;NULL;BI03DJ17_CDP;BI03DJ18_CDP;BI03SB96_CDP;;;;;"FREQ=DAILY;INTERVAL=1";rfzd_cliente.relevanc_item;SIM;PYSPARK
BI03DH78;NULL;BI03SB96_CDP;;;;;;;"FREQ=DAILY;INTERVAL=1";rfzd_cliente.relevanc_basket;SIM;PYSPARK
BI03DH79;06:00:00;;;;;;;;Toda Terca;rwzd_dunnhumby.shop_mission;SIM;TACACA
BI03DH80;NULL;BI03DH59_CDP;;;;;;;Toda Terca;SQOOP - rwzd_dunnhumby.personas;SIM;PYSPARK
BI03DH81;NULL;BI03DH60_CDP;;;;;;;"FREQ=DAILY;INTERVAL=1";SQOOP - product_structure;SIM;PYSPARK
BI03DH82;NULL;BI03DH84_CDP;;;;;;;Toda Terca;Shell GAVB - rfzd_cliente.relevanc_product;SIM;PYSPARK
BI03DH83;NULL;BI03DH61_CDP;;;;;;;"FREQ=WEEKLY;INTERVAL=1;BYDAY=TU";SQOOP -  prod_inc_prsn_count;SIM;PYSPARK
BI03DH84;NULL;BI03DH26_CDP;BI03DH27_CDP;;;;;;"FREQ=DAILY;INTERVAL=1";rfzd_cliente.relevanc_product;SIM;PYSPARK
BI03DH85;06:00:00;;;;;;;;"FREQ=DAILY;INTERVAL=1";rfzd_cliente.relevanc_card;SIM;PYSPARK
BI03DH86;10:00:00;;;;;;;;Toda Terca;rfzd_cliente.relevanc_store;SIM;TACACA
BI03DH87;NULL;BI03DH68_CDP;;;;;;;Toda Terca;SQOOP - prod_new_prsn_count_filter;SIM;PYSPARK
BI03DH88;NULL;BI03DH63_CDP;;;;;;;"FREQ=WEEKLY;INTERVAL=1;BYDAY=TU";SQOOP - un_filters;SIM;PYSPARK
BI03DH89;NULL;BI03DH78_CDP;;;;;;;"FREQ=DAILY;INTERVAL=1";Shell GAVB - rfzd_cliente.relevanc_basket;SIM;PYSPARK
BI03DH91;10:00:00;BI03DG53_CDP;;;;;;;"FREQ=DAILY;INTERVAL=1";Shell Envio Dunnhumby - rfzv_cliente.v_dunn_rappi_cliente_cupom;SIM;PYSPARK
BI03DH92;08:00:00;;;;;;;;"FREQ=DAILY;INTERVAL=1";rfzd_cliente.napp_cli_categ_vend;SIM;PYSPARK
BI03DH93;NULL;BI03DH77_CDP;;;;;;;"FREQ=DAILY;INTERVAL=1";Shell GAVB - rfzd_cliente.relevanc_Item;SIM;PYSPARK
BI03DH94;NULL;BI03DH86_CDP;;;;;;;"FREQ=DAILY;INTERVAL=1";Shell GAVB - rfzd_cliente.relevanc_store;SIM;PYSPARK
BI03DH95;13:00:00; BI03DH85_CDP;;;;;;;"FREQ=DAILY;INTERVAL=1";Shell GAVB - rfzd_cliente.relevanc_card;SIM;PYSPARK
BI03DH96;13:00:00;BI03DH92_CDP;;;;;;;"FREQ=DAILY;INTERVAL=1";Shell Envio Napp - rfzd_cliente.napp_cli_categ_vend_ex;SIM;PYSPARK
BI03DH97;10:00:00;BI03DH91_CDP;;;;;;;"FREQ=DAILY;INTERVAL=1";Shell Envio Dunnhumby - rfzv_cliente.v_dunn_cornershop_cliente_cupom;SIM;PYSPARK
BI03DH98;06:00:00;;;;;;;;"FREQ=DAILY;INTERVAL=1";rwzd_gvp.intervencao_chat_bot_dia;SIM;PYSPARK
BI03DI01;NULL;BI03SC18_CDP;BI03SC24_CDP;BI03SC25_CDP;BI03SC26_CDP;;;;"FREQ=DAILY;INTERVAL=1";Shell GAVB - LKP_DHY.FIL001.W;SIM;PYSPARK
BI03DI02;NULL;BI03DI01_CDP ;;;;;;;"FREQ=DAILY;INTERVAL=1";Shell GAVB - SEG_DHY_EX.FIL001.W;SIM;PYSPARK
BI03DI03;NULL;BI03DI02_CDP ;;;;;;;"FREQ=DAILY;INTERVAL=1";Shell GAVB - SEG_DHY_GPA.FIL001.W;SIM;PYSPARK
BI03DI04;NULL;BI03DI03_CDP ;;;;;;;"FREQ=DAILY;INTERVAL=1";Shell GAVB - SEG_DHY_PA.FIL001.W;SIM;PYSPARK
BI03DI05;NULL;BI03SB34_CDP;;;;;;;"FREQ=DAILY;INTERVAL=1";Shell Responsys - tszd_cliente.pa_ecom_basket;SIM;PYSPARK
BI03DI06;NULL;BI03SB33_CDP;;;;;;;"FREQ=DAILY;INTERVAL=1";Shell Responsys - tszd_cliente.ex_ecom_basket;SIM;PYSPARK
BI03DI07;03:10:00;;;;;;;;"FREQ=DAILY;INTERVAL=1";rwzd_fidelidade.first_login;DESCONTINUADA;TACACA
BI03DI08;03:10:00;;;;;;;;"FREQ=DAILY;INTERVAL=1";rwzd_fidelidade.last_access;DESCONTINUADA;TACACA
BI03DI09;05:00:00;;;;;;;;"FREQ=DAILY;INTERVAL=1";SHELL SCRIPT NIELSEN;SIM;PYSPARK
BI03DI10;NULL;BI03DI09_CDP;;;;;;;"FREQ=WEEKLY;INTERVAL=1;BYDAY=MO,TH";rwzd_nielsen.fact_data;SIM;TACACA
BI03DI11;NULL;BI03DI10_CDP ;;;;;;;"FREQ=WEEKLY;INTERVAL=1;BYDAY=MO,TH";rwzd_nielsen.market;SIM;TACACA
BI03DI12;NULL;BI03DI11_CDP ;;;;;;;"FREQ=WEEKLY;INTERVAL=1;BYDAY=MO,TH";rwzd_nielsen.product;SIM;TACACA
BI03DI13;NULL;BI03SB71_CDP;;;;;;;"FREQ=WEEKLY;INTERVAL=1;BYDAY=MO,TH";rwzd_teradata.meu_desconto_hist;DESCONTINUADA;TACACA
BI03DI14;NULL;BI03DH28_CDP;;;;;;;"FREQ=DAILY;INTERVAL=1";Shell Postgree - rwzd_dunnhumby.md_un_structure;SIM;PYSPARK
BI03DI15;NULL;;;;;;;;"FREQ=DAILY;INTERVAL=1";rwzd_ecom.product_promotion_on_basket_pa;DESCONTINUADA;TACACA
BI03DI16;NULL;BI03DI15_CDP;;;;;;;"FREQ=DAILY;INTERVAL=1";rwzd_ecom.product_promotion_on_basket_ex;DESCONTINUADA;TACACA
BI03DI17;08:00:00;;BI03SB46_CDP;BI03SB96_CDP;BI03SC34_CDP;;;;"FREQ=DAILY;INTERVAL=1";rfzd_cliente.cliente_semana_loja;SIM;PYSPARK
BI03DI21;NULL;BI03DI12_CDP;;;;;;;"FREQ=DAILY;INTERVAL=1";rwzd_nielsen.period;SIM;PYSPARK
BI03DI22;08:00:00;BI03SB96_CDP;BI03SC34_CDP;;;;;;"FREQ=DAILY;INTERVAL=1";rfzd_cliente.cliente_ultimo_ano_loja;DESCONTINUADA;PYSPARK
BI03DI23;NULL;BI03SB46_CDP;BI03SB96_CDP;BI03SC34_CDP;;;;;"FREQ=DAILY;INTERVAL=1";rfzd_cliente.cliente_mes_meta ;DESCONTINUADA;PYSPARK
BI03DI24;10:00:00; BI03DH97_CDP;;;;;;;"FREQ=DAILY;INTERVAL=1";Shell Envio Dunnhumby - rfzv_cliente.v_dunn_ifood_cliente_cupom;SIM;PYSPARK
BI03DI25;13:00:00; BI03DH96_CDP;;;;;;;"FREQ=DAILY;INTERVAL=1";Shell Envio Napp - rfzd_cliente.napp_cli_categ_vend_pa;SIM;PYSPARK
BI03DI26;10:00:00; BI03SB51_CDP;BI03SB52_CDP;;;;;;"FREQ=DAILY;INTERVAL=1";rfzd_cliente.napp_cli_compras_plu;SIM;PYSPARK
BI03DI27;10:00:00; BI03DI24_CDP;;;;;;;"FREQ=DAILY;INTERVAL=1";Shell Envio Dunnhumby - rfzv_cliente.v_dunn_supernow_cliente_cupom;SIM;PYSPARK
BI03DI28;NULL;BI03DE36_CDP;;;;;;;"FREQ=WEEKLY;INTERVAL=1;BYDAY=TU";Shell rfzv_cliente.v_adobe_cliente (Outro FTP);SIM;PYSPARK
BI03DI29;NULL;BI03DI26_CDP;;;;;;;"FREQ=DAILY;INTERVAL=1";Shell Envio Napp - rfzd_cliente.napp_cli_compras_plu_pa;SIM;PYSPARK
BI03DI31;08:00:00;;;;;;;;"FREQ=DAILY;INTERVAL=1";rwzd_teradata.t_loja_ult_visao;SIM;PYSPARK
BI03DI32;08:00:00;;;;;;;;"FREQ=DAILY;INTERVAL=1";rwzd_fidelidade.promotion;SIM;PYSPARK
BI03DI33;NULL;BI03DI32_CDP;;;;;;;"FREQ=DAILY;INTERVAL=1";rwzd_fidelidade.promotion_additional;SIM;PYSPARK
BI03DI34;NULL;BI03SC33_CDP;BI03SC34_CDP;BI03SC36_CDP;BI03SC37_CDP;BI03SC38_CDP;;;"FREQ=DAILY;INTERVAL=1";rfzd_cliente.ativacao_resgate_stix;SIM;PYSPARK
BI03DI36;07:00:00;;;;;;;;"FREQ=DAILY;INTERVAL=1";Shell/Python Envio AWS - Compra Guiada Preco Regular;SIM;PYSPARK
BI03DI37;08:00:00;;;;;;;;"FREQ=DAILY;INTERVAL=1";rwzd_ecom.ex_basket_group;SIM;PYSPARK
BI03DI38;NULL;BI03DI37_CDP;;;;;;;"FREQ=DAILY;INTERVAL=1";rwzd_ecom.pa_basket_group;SIM;PYSPARK
BI03DI40;NULL;BI03DI38_CDP;;;;;;;"FREQ=DAILY;INTERVAL=1";rwzd_ecom.pa_product_catalog;SIM;PYSPARK
BI03DI41;NULL;BI03DI40_CDP;;;;;;;"FREQ=DAILY;INTERVAL=1";rwzd_ecom.ex_product_catalog;SIM;PYSPARK
BI03DI42;NULL;BI03DH60_CDP;BI03DH63_CDP;;;;;;"FREQ=DAILY;INTERVAL=1";Shell/Python Coleta - t_audience;SIM;PYSPARK
BI03DI43;NULL;BI03DI42_CDP;;;;;;;"FREQ=DAILY;INTERVAL=1";conversion_rates;DESCONTINUADA;PYSPARK
BI03DI47;NULL;BI03DH28_CDP;BI03DH60_CDP;BI03DI32_CDP;;;;;"FREQ=DAILY;INTERVAL=1";conversion_rates;SIM;PYSPARK
BI03DI48;10:00:00;;;;;;;;"FREQ=DAILY;INTERVAL=1";rwzd_gvp.ap_bandeira;SIM;PYSPARK
BI03DI49;10:00:00;;;;;;;;"FREQ=DAILY;INTERVAL=1";rwzd_gvp.ap_categoria;SIM;PYSPARK
BI03DI50;10:00:00;;;;;;;;"FREQ=DAILY;INTERVAL=1";rwzd_gvp.ap_me;SIM;PYSPARK
BI03DI51;10:00:00;;;;;;;;"FREQ=DAILY;INTERVAL=1";rwzd_gvp.ap_canal;SIM;PYSPARK
BI03DI52;10:00:00;;;;;;;;"FREQ=DAILY;INTERVAL=1";rwzd_gvp.ap_telefonia;SIM;PYSPARK
BI03DI55;10:00:00;;;;;;;;"FREQ=DAILY;INTERVAL=1";rwzd_gvp.ap_cli_unico;SIM;PYSPARK
BI03DI56;10:00:00;;;;;;;;"FREQ=DAILY;INTERVAL=1";rwzd_gvp.ap_cc_canal;SIM;PYSPARK
BI03DI57;10:00:00;;;;;;;;"FREQ=DAILY;INTERVAL=1";rwzd_gvp.ap_cc_motivo;SIM;PYSPARK
BI03DI58;10:00:00;;;;;;;;"FREQ=DAILY;INTERVAL=1";rwzd_gvp.ap_status;SIM;PYSPARK
BI03DI59;04:00:00;;;;;;;;"FREQ=DAILY;INTERVAL=1";rwzd_ecom.pa_address V2;SIM;PYSPARK
BI03DI60;NULL;BI03DH76_CDP;;;;;;;"FREQ=DAILY;INTERVAL=1";rwzd_fidelidade.mp_stix_payment;SIM;PYSPARK
BI03DI61;05:00:00;;;;;;;;"FREQ=DAILY;INTERVAL=1";rwzd_fidelidade.allocation_activated;SIM;PYSPARK
BI03DI62;NULL;BI03DI73_CDP;;;;;;;"FREQ=DAILY;INTERVAL=1";rwzd_ecom.ex_basket V2;SIM;PYSPARK
BI03DI63;NULL;BI03DI59_CDP;;;;;;;"FREQ=DAILY;INTERVAL=1";rwzd_ecom.ex_address V2;SIM;PYSPARK
BI03DI64;10:00:00;;;;;;;;"FREQ=DAILY;INTERVAL=1";Shell Envio LGPD - tszd_crm_cvp.tck_origemcadastro;SIM;PYSPARK
BI03DI65;NULL;BI03DI68_CDP;;;;;;;"FREQ=DAILY;INTERVAL=1";rwzd_ecom.delete_ex_customer V2;SIM;PYSPARK
BI03DI66;NULL;BI03DI65_CDP ;;;;;;;"FREQ=DAILY;INTERVAL=1";rwzd_ecom.delete_pa_customer V2;SIM;PYSPARK
BI03DI67;NULL;BI03DI75_CDP;;;;;;;"FREQ=DAILY;INTERVAL=1";rwzd_ecom.ex_customer V2;SIM;PYSPARK
BI03DI68;NULL;BI03DI67_CDP ;;;;;;;"FREQ=DAILY;INTERVAL=1";rwzd_ecom.pa_customer V2;SIM;PYSPARK
BI03DI69;NULL;BI03DI66_CDP;;;;;;;"FREQ=DAILY;INTERVAL=1";rwzd_ecom.ex_phone V2;SIM;PYSPARK
BI03DI70;NULL;BI03DI69_CDP;;;;;;;"FREQ=DAILY;INTERVAL=1";rwzd_ecom.pa_phone V2;SIM;PYSPARK
BI03DI71;NULL;BI03DI62_CDP;;;;;;;"FREQ=DAILY;INTERVAL=1";rwzd_ecom.pa_basket V2;SIM;PYSPARK
BI03DI72;NULL;BI03DI70_CDP;;;;;;;"FREQ=DAILY;INTERVAL=1";rwzd_ecom.delete_ex_phone V2;SIM;PYSPARK
BI03DI73;NULL;BI03DI72_CDP;;;;;;;"FREQ=DAILY;INTERVAL=1";rwzd_ecom.delete_pa_phone V2;SIM;PYSPARK
BI03DI74;NULL;BI03DI63_CDP;;;;;;;"FREQ=DAILY;INTERVAL=1";rwzd_ecom.delete_ex_address V2;SIM;PYSPARK
BI03DI88;NULL;BI03DI71_CDP;;;;;;;"FREQ=DAILY;INTERVAL=1";rwzd_ecom.sub_contract V2;SIM;PYSPARK
BI03DI90;NULL;BI03DI88_CDP;;;;;;;"FREQ=DAILY;INTERVAL=1";rwzd_ecom.ex_delivery_order V2;SIM;PYSPARK
BI03DI91;NULL;BI03DI90_CDP;;;;;;;"FREQ=DAILY;INTERVAL=1";rwzd_ecom.pa_delivery_order V2;SIM;PYSPARK
BI03DI93;04:00:00;;;;;;;;"FREQ=DAILY;INTERVAL=1";rwzd_dunnhumby. semana_meu _descto;SIM;PYSPARK
BI03DI96;NULL;BI03DH26_CDP;;;;;;;"FREQ=DAILY;INTERVAL=1";RAWZONE E TRUSTED PRODUTO ULTIMA VIScO;SIM;PYSPARK
BI03DI97;NULL;BI03DH82_CDP;BI03DH89_CDP;BI03DH93_CDP;BI03DH94_CDP;BI03DH95_CDP;;;"FREQ=DAILY;INTERVAL=1";admzd_controle.log_controle_export_squadcdp;SIM;PYSPARK
BI03DI98;NULL;SHADOW;;;;;;;"FREQ=DAILY;INTERVAL=1";rwzd_fidelidade.stix_optin;SIM;PYSPARK
BI03DJ10;NULL;BI03DI98_CDP;;;;;;;"FREQ=DAILY;INTERVAL=1";tszd_fidelidade.stix_optin;SIM;PYSPARK
BI03DJ12;NULL;BI03DJ13_CDP;;;;;;;"FREQ=DAILY;INTERVAL=1";rwzd_ecom.product_promotion_on_basket_ex V2;SIM;PYSPARK
BI03DJ13;10:00:00;;;;;;;;"FREQ=DAILY;INTERVAL=1";rwzd_ecom.product_promotion_on_basket_pa V2;SIM;PYSPARK
BI03DJ14;03:10:00;;;;;;;;"FREQ=DAILY;INTERVAL=1";rwzd_fidelidade.last_access V2;SIM;PYSPARK
BI03DJ15;NULL;BI03DJ14_CDP;;;;;;;"FREQ=DAILY;INTERVAL=1";rwzd_fidelidade.first_login V2;SIM;PYSPARK
BI03DJ16;NULL;BI03DI33_CDP;BI03SB46_CDP;BI03SC24_CDP;BI03SC25_CDP;;;;"FREQ=DAILY;INTERVAL=1";FILTROS DA INDUSTRIA - DANIEL;SIM;PYSPARK
BI03DJ17;NULL;BI03SB96_CDP;;;;;;;"FREQ=DAILY;INTERVAL=1";wrkd_cdp.wrk_relevanc_item_online;SIM;PYSPARK
BI03DJ18;NULL;BI03DJ17_CDP;;;;;;;"FREQ=DAILY;INTERVAL=1";wrkd_cdp.wrk_relevanc_item_offline;SIM;PYSPARK
BI03DJ19;04:00:00;;;;;;;;"FREQ=DAILY;INTERVAL=1";rwzd_teradata.t_ean;SIM;PYSPARK
BI03DJ21;04:20:00;;;;;;;;"FREQ=DAILY;INTERVAL=1";rwzd_teradata.t_local_estr_oper_flex_vigente;SIM;PYSPARK
BI03DJ23;NULL;BI03DH26_CDP;BI03DH26_CDP;BI03DJ19_CDP;;;;;"FREQ=DAILY;INTERVAL=1";Shell RelevanC - cod_barras e plu;SIM;PYSPARK
BI03DJ24;NULL;BI03DI42_CDP;;;;;;;"FREQ=DAILY;INTERVAL=1";Shell Envio PostgresSql - t_audience;SIM;PYSPARK
BI03DJ25;NULL;BI03DJ01_ODI;;;;;;;"FREQ=DAILY;INTERVAL=1";Shell RelevanC - optin_email_delivery;SIM;PYSPARK
BI03DJ26;09:00:00;;;;;;;;"FREQ=DAILY;INTERVAL=1";tszd_fidelidade.alocacao_promo_ativada;SIM;PYSPARK
BI03DJ27;NULL;BI03DJ15_CDP;;;;;;;"FREQ=DAILY;INTERVAL=1";rwzd_fidelidade.pos_activation_product_transaction;SIM;PYSPARK
BI03DJ28;NULL;BI03DJ27_CDP;;;;;;;"FREQ=DAILY;INTERVAL=1";rwzd_fidelidade.pos_activation_voucher_transaction;SIM;PYSPARK
BI03DJ29;NULL;BI03DJ28_CDP;;;;;;;"FREQ=DAILY;INTERVAL=1";rwzd_fidelidade.pos_redeem_transaction;SIM;PYSPARK
BI03DJ30;NULL;BI03DJ29_CDP;;;;;;;"FREQ=DAILY;INTERVAL=1";rwzd_fidelidade.pos_cancellation_transaction;SIM;PYSPARK
BI03DJ31;NULL;BI03DI61_CDP;;;;;;;"FREQ=DAILY;INTERVAL=1";wrk_fidelidade.alocacao_promo_ativada;SIM;PYSPARK
BI03DJ33;NULL;BI03DH50_CDP;;;;;;;"FREQ=WEEKLY;INTERVAL=1;BYDAY=SU";Shell Envio AWS - tszd_adobe_analytics.site_hit_data;SIM;PYSPARK
BI03DJ34;NULL;BI03DD99_CDP;;;;;;;"FREQ=WEEKLY;INTERVAL=1;BYDAY=SU";Shell Envio AWS - tszd_adobe_analytics.app_hit_data;SIM;PYSPARK
BI03DJ35;NULL;BI03SB36_CDP;;;;;;;"FREQ=DAILY;INTERVAL=1";rfzd_cliente.relevanc_3p;SIM;PYSPARK
BI03DJ36;NULL;BI03DJ35_CDP;;;;;;;"FREQ=DAILY;INTERVAL=1";Shell Envio - rfzd_cliente.relevanc_3p;SIM;PYSPARK
BI03DJ37;07:00:00;;;;;;;;"FREQ=WEEKLY;INTERVAL=1;BYDAY=TH";Shell/Python Envio AWS - Compra Guiada Preco Regular -- Bucket novo (BI03DI36 rotina antiga);SIM;PYSPARK
BI03DJ39;20:10:00;;;;;;;;"FREQ=WEEKLY;INTERVAL=1;BYDAY=TH";Shell Envio AWS - Arquivo Pre Allocado CLI ;SIM;PYSPARK
BI03DJ40;20:15:00;;;;;;;;"FREQ=WEEKLY;INTERVAL=1;BYDAY=TH";Shell Envio AWS - Arquivo Pre Allocado PA e EX;SIM;PYSPARK
BI03DJ41;04:20:00;;;;;;;;"FREQ=WEEKLY;INTERVAL=1;BYDAY=TH";rwzd_teradata.v_dw_d723_tipo_promo_desct_focado;SIM;PYSPARK
BI03DJ42;04:30:00;;;;;;;;"FREQ=WEEKLY;INTERVAL=1;BYDAY=TH";rwzd_teradata.v_dw_d702_tipo_desconto;SIM;PYSPARK
BI03DJ43;12:00:00;;;;;;;;"FREQ=MONTHLY;INTERVAL=1;BYMONTHDAY=27";move_baseline;SIM;PYSPARK
BI03DJ44;06:00:00;;;;;;;;"FREQ=DAILY;INTERVAL=14";rwzd_fidelidade.cadastro_promocoes;SIM;PYSPARK
BI03DJ45;06:00:00;BI03DJ44_CDP;;;;;;;"FREQ=DAILY;INTERVAL=14";Shell Responsys - rfzv_cliente.v_resp_killer_campanha_pa;SIM;PYSPARK
BI03DJ46;06:00:00;BI03DJ45_CDP;;;;;;;"FREQ=DAILY;INTERVAL=14";Shell Responsys - rfzv_cliente.v_resp_killer_campanha_ex;SIM;PYSPARK
BI03DJ47;15:10:00;;;;;;;;"FREQ=DAILY;INTERVAL=1";rwzd_responsys.webpush_sent;SIM;PYSPARK
BI03DJ50;15:10:00;;;;;;;;"FREQ=DAILY;INTERVAL=1";rwzd_responsys.webpush_opened;SIM;PYSPARK
BI03DJ51;15:10:00; BI03DJ15_CDP;;;;;;;"FREQ=DAILY;INTERVAL=1";tszd_fidelidade.primeiro_acesso;SIM;PYSPARK
BI03DJ52;10:00:00;;;;;;;;"FREQ=DAILY;INTERVAL=1";Shell Envio Dunnhumby - rfzv_cliente.v_dunn_whatsapp_cliente_cupom;SIM;PYSPARK
BI03DJ53;10:00:00;;;;;;;;"FREQ=DAILY;INTERVAL=1";rwzd_fidelidade.customer;SIM;PYSPARK
BI03DJ62;08:00:00;;;;;;;;"FREQ=DAILY;INTERVAL=1";rwzd_cliente.funcionario;SIM;PYSPARK
BI03DJ64;11:00:00;;;;;;;;"FREQ=DAILY;INTERVAL=1";rwzd_fidelidade.airship_performance_analytics_send_event_pa;SIM;PYSPARK
BI03DJ65;NULL;BI03DJ64_CDP;;;;;;;"FREQ=DAILY;INTERVAL=1";rwzd_fidelidade.airship_performance_analytics_send_event_ex;SIM;PYSPARK
BI03DJ66;12:00:00;;;;;;;;"FREQ=DAILY;INTERVAL=1";rwzd_fidelidade.appsflyer_output_organic;SIM;PYSPARK
BI03DJ67;NULL;BI03DJ66_CDP;;;;;;;"FREQ=DAILY;INTERVAL=1";rwzd_fidelidade.appsflyer_out_non_org_events;SIM;PYSPARK
BI03DJ68;NULL;BI03DJ67_CDP ;;;;;;;"FREQ=DAILY;INTERVAL=1";rwzd_fidelidade.appsflyer_out_non_org_events_report;SIM;PYSPARK
BI03DJ69;15:10:00; BI03DJ14_CDP;;;;;;;"FREQ=DAILY;INTERVAL=1";tszd_fidelidade.ultimo_acesso;SIM;PYSPARK
BI03DJ72;10:00:00;;;;;;;;"FREQ=DAILY;INTERVAL=1";aws/promotion_admin/;SIM;PYSPARK
BI03DJ73;NULL;BI03DJ66_CDP;;;;;;;"FREQ=DAILY;INTERVAL=1";rwzd_fidelidade.appsflyer_output_organic_pa;SIM;PYSPARK
BI03DJ74;NULL;BI03DJ73_CDP;;;;;;;"FREQ=DAILY;INTERVAL=1";rwzd_fidelidade.appsflyer_output_organic_ex_ios;SIM;PYSPARK
BI03DJ75;NULL;BI03DJ74_CDP;;;;;;;"FREQ=DAILY;INTERVAL=1";rwzd_fidelidade.appsflyer_output_organic_pa_ios;SIM;PYSPARK
BI03DJ76;NULL;BI03DJ75_CDP;;;;;;;"FREQ=DAILY;INTERVAL=1";rwzd_fidelidade.appsflyer_out_non_org_events_pa;SIM;PYSPARK
BI03DJ78;NULL;BI03DJ76_CDP;;;;;;;"FREQ=DAILY;INTERVAL=1";rwzd_fidelidade.appsflyer_out_non_org_events_report_pa_ios;SIM;PYSPARK
BI03DJ79;NULL;BI03DJ73_CDP;;;;;;;"FREQ=DAILY;INTERVAL=1";rwzd_fidelidade.appsflyer_out_non_org_events_report_ex_ios;SIM;PYSPARK
BI03SB21;NULL;BI89DA01_CDP;;;;;;;"FREQ=DAILY;INTERVAL=1";rwzd_ecom.ex_phone;DESCONTINUADA;TACACA
BI03SB22;NULL;BI89DA01_CDP;;;;;;;"FREQ=DAILY;INTERVAL=1";rwzd_ecom.pa_phone;DESCONTINUADA;TACACA
BI03SB23;NULL;BI89DA01_CDP;;;;;;;"FREQ=DAILY;INTERVAL=1";rwzd_ecom.ex_basket;DESCONTINUADA;TACACA
BI03SB24;NULL;BI89DA01_CDP;;;;;;;"FREQ=DAILY;INTERVAL=1";rwzd_ecom.pa_basket;DESCONTINUADA;TACACA
BI03SB25;NULL;BI89DA01_CDP;;;;;;;"FREQ=DAILY;INTERVAL=1";rwzd_ecom.ex_address;DESCONTINUADA;TACACA
BI03SB26;NULL;BI89DA01_CDP;;;;;;;"FREQ=DAILY;INTERVAL=1";rwzd_ecom.pa_address;DESCONTINUADA;TACACA
BI03SB27;NULL;BI89DA01_CDP;;;;;;;"FREQ=DAILY;INTERVAL=1";rwzd_ecom.ex_customer;DESCONTINUADA;TACACA
BI03SB28;NULL;BI89DA01_CDP;;;;;;;"FREQ=DAILY;INTERVAL=1";rwzd_ecom.pa_customer;DESCONTINUADA;TACACA
BI03SB29;NULL;BI03DI72_CDP;;;;;;;"FREQ=DAILY;INTERVAL=1";tszd_cliente.ex_ecom_fone;SIM;TACACA
BI03SB30;NULL;BI03DI73_CDP;;;;;;;"FREQ=DAILY;INTERVAL=1";tszd_cliente.pa_ecom_fone;SIM;TACACA
BI03SB31;NULL;BI03DI74_CDP;;;;;;;"FREQ=DAILY;INTERVAL=1";tszd_cliente.ex_ecom_end;SIM;TACACA
BI03SB32;NULL;BI03DI75_CDP;;;;;;;"FREQ=DAILY;INTERVAL=1";tszd_cliente.pa_ecom_end;SIM;TACACA
BI03SB33;NULL;BI03DI62_CDP;;;;;;;"FREQ=DAILY;INTERVAL=1";tszd_cliente.ex_ecom_basket;SIM;TACACA
BI03SB34;NULL;BI03DI71_CDP;;;;;;;"FREQ=DAILY;INTERVAL=1";tszd_cliente.pa_ecom_basket;SIM;TACACA
BI03SB35;NULL;BI03DI65_CDP;;;;;;;"FREQ=DAILY;INTERVAL=1";tszd_cliente.ex_ecom_cliente;SIM;TACACA
BI03SB36;NULL;BI03DI66_CDP;;;;;;;"FREQ=DAILY;INTERVAL=1";tszd_cliente.pa_ecom_cliente;SIM;TACACA
BI03SB37;NULL;BI03SB25_CDP;;;;;;;"FREQ=DAILY;INTERVAL=1";rwzd_ecom.delete_ex_address;DESCONTINUADA;TACACA
BI03SB38;NULL;BI03SB26_CDP;;;;;;;"FREQ=DAILY;INTERVAL=1";rwzd_ecom.delete_pa_address;DESCONTINUADA;TACACA
BI03SB39;NULL;BI03SB21_CDP;;;;;;;"FREQ=DAILY;INTERVAL=1";rwzd_ecom.delete_ex_phone;DESCONTINUADA;TACACA
BI03SB40;NULL;BI03SB22_CDP;;;;;;;"FREQ=DAILY;INTERVAL=1";rwzd_ecom.delete_pa_phone;DESCONTINUADA;TACACA
BI03SB41;NULL;BI03SB27_CDP;;;;;;;"FREQ=DAILY;INTERVAL=1";rwzd_ecom.delete_ex_customer;DESCONTINUADA;TACACA
BI03SB42;NULL;BI03SB28_CDP;;;;;;;"FREQ=DAILY;INTERVAL=1";rwzd_ecom.delete_pa_customer;DESCONTINUADA;TACACA
BI03SB43;NULL;BI89DA02_CDP;;;;;;;"FREQ=DAILY;INTERVAL=1";rwzd_crm_sap.habito_comp;SIM;TACACA
BI03SB44;NULL;BI89DA02_CDP;;;;;;;"FREQ=DAILY;INTERVAL=1";rwzd_crm_sap.faixa_preco;SIM;TACACA
BI03SB45;NULL;BI89DA02_CDP;;;;;;;"FREQ=DAILY;INTERVAL=1";rwzd_crm_sap.segm_dunnhumby;SIM;TACACA
BI03SB46;NULL;BI03SB43_CDP;BI03SB44_CDP;BI03SB45_CDP;;;;;"FREQ=DAILY;INTERVAL=1";tszd_cliente.segm_dunnhumby;SIM;TACACA
BI03SB47;NULL;BI89DA01_CDP;;;;;;;"FREQ=DAILY;INTERVAL=1";rwzd_ecom.sub_contract;DESCONTINUADA;TACACA
BI03SB48;NULL;BI03DI88_CDP;;;;;;;"FREQ=DAILY;INTERVAL=1";tszd_cliente.cad_viva_vinhos;SIM;TACACA
BI03SB49;NULL;BI89DA03_CDP;;;;;;;"FREQ=DAILY;INTERVAL=1";rwzd_teradata.FM16_IDT;SIM;TACACA
BI03SB50;NULL;BI89DA03_CDP;;;;;;;"FREQ=DAILY;INTERVAL=1";rwzd_teradata.FM16_NAO_IDT;SIM;TACACA
BI03SB51;NULL;BI03SB32_CDP;BI03SB34_CDP;BI03SB36_CDP;BI03SB46_CDP;BI03SB48_CDP;;;"FREQ=DAILY;INTERVAL=1";rfzd_cliente.cliente_pa_sap_ecom;SIM;PYSPARK
BI03SB52;NULL;BI03SB29_CDP;BI03SB31_CDP;BI03SB33_CDP;BI03SB35_CDP;BI03SB46_CDP;BI03SB48_CDP;;"FREQ=DAILY;INTERVAL=1";rfzd_cliente.cliente_ex_sap_ecom;SIM;PYSPARK
BI03SB53;NULL;BI03SB31_CDP;BI03SB32_CDP;BI03SB33_CDP;BI03SB34_CDP;BI03SB45_CDP;BI03SB49_CDP;BI03SB51_CDP;"FREQ=DAILY;INTERVAL=1";rfzd_cliente.cliente_comp_compra ;SIM;TACACA
BI03SB54;NULL;BI89DA04_CDP;;;;;;;"FREQ=DAILY;INTERVAL=1";rwzd_teradata.meus_premios ;SIM;TACACA
BI03SB55;10:00:00;;;;;;;;"FREQ=DAILY;INTERVAL=1";rwzd_cliente.casa_cliente;SIM;TACACA
BI03SB56;NULL;BI03SB55_CDP;;;;;;;"FREQ=DAILY;INTERVAL=1";rfzd_cliente.casa_cliente;SIM;TACACA
BI03SB57;06:00:00;;;;;;;;"FREQ=DAILY;INTERVAL=1";RWZD_TERADATA.V_ESTRUT_OPER_CDP;SIM;TACACA
BI03SB58;NULL;BI89DA05_CDP;;;;;;;"FREQ=DAILY;INTERVAL=1";rwzd_teradata.d010_promocao ;SIM;PYSPARK
BI03SB59;NULL;BI03SB32_CDP;BI03SB33_CDP;BI03SB34_CDP;BI03SB51_CDP;BI03SB52_CDP;;;"FREQ=DAILY;INTERVAL=1";rfzd_cliente.cliente_comp_compra_ecom ;SIM;PYSPARK
BI03SB60;NULL;BI89DA06_CDP;;;;;;;"FREQ=DAILY;INTERVAL=1";rwzd_responsys.opened ;SIM;TACACA
BI03SB61;NULL;BI89DA06_CDP;;;;;;;"FREQ=DAILY;INTERVAL=1";rwzd_responsys.sent ;SIM;TACACA
BI03SB62;NULL;BI89DA06_CDP;;;;;;;"FREQ=DAILY;INTERVAL=1";rwzd_responsys.clicked ;SIM;TACACA
BI03SB63;NULL;BI89DA06_CDP;;;;;;;"FREQ=DAILY;INTERVAL=1";rwzd_responsys.form;SIM;TACACA
BI03SB64;NULL;BI89DA06_CDP;;;;;;;"FREQ=DAILY;INTERVAL=1";rwzd_responsys.opted_out;SIM;TACACA
BI03SB65;NULL;BI89DA06_CDP;;;;;;;"FREQ=DAILY;INTERVAL=1";rwzd_responsys.bounced ;SIM;TACACA
BI03SB66;NULL;BI89DA06_CDP;;;;;;;"FREQ=DAILY;INTERVAL=1";rwzd_responsys.complaint ;SIM;TACACA
BI03SB67;NULL;BI89DA06_CDP;;;;;;;"FREQ=DAILY;INTERVAL=1";rwzd_responsys.launch_state ;SIM;TACACA
BI03SB68;NULL;BI89DA06_CDP;;;;;;;"FREQ=DAILY;INTERVAL=1";rwzd_responsys.skipped ;SIM;TACACA
BI03SB69;NULL;BI89DA07_CDP;;;;;;;"FREQ=DAILY;INTERVAL=1";rwzd_adobe_analytics.adobe_analytics_hitdata ;SIM;TACACA
BI03SB70;NULL;BI03SB54_CDP;;;;;;;"FREQ=DAILY;INTERVAL=1";tszd_teradata.meus_premios ;SIM;TACACA
BI03SB71;NULL;BI89DA09_CDP;;;;;;;"FREQ=DAILY;INTERVAL=1";rwzd_teradata.meu_desconto;SIM;PYSPARK
BI03SB72;NULL;BI03SB71_CDP;;;;;;;"FREQ=DAILY;INTERVAL=1";tszd_teradata.d917_promo ;SIM;TACACA
BI03SB73;NULL;BI89DA01_CDP;;;;;;;"FREQ=DAILY;INTERVAL=1";rwzd_ecom.pa_delivery_order;DESCONTINUADA;TACACA
BI03SB74;NULL;BI89DA01_CDP;;;;;;;"FREQ=DAILY;INTERVAL=1";rwzd_ecom.ex_delivery_order;DESCONTINUADA;TACACA
BI03SB75;NULL;BI03DI91_CDP;;;;;;;"FREQ=DAILY;INTERVAL=1";tszd_cliente.pa_delivery_order;SIM;TACACA
BI03SB76;NULL;BI03DI90_CDP;;;;;;;"FREQ=DAILY;INTERVAL=1";tszd_cliente.ex_delivery_order;SIM;TACACA
BI03SB78;NULL;BI03SB64_CDP;;;;;;;"FREQ=DAILY;INTERVAL=1";tszd_responsys.opted_out;SIM;TACACA
BI03SB79;NULL;BI03SB80_CDP;;;;;;;"FREQ=DAILY;INTERVAL=1";admzd_controle.expurgo_rotina_passo2;SIM;TACACA
BI03SB80;00:10:00;;;;;;;;"FREQ=DAILY;INTERVAL=1";admzd_controle.expurgo_rotina_passo1;SIM;TACACA
BI03SB81;NULL;BI09;;;;;;;"FREQ=DAILY;INTERVAL=1";rfzd_cliente.tck_cliente_cdp;SIM;PYSPARK
BI03SB82;NULL;BI03SB84_CDP;;;;;;;"FREQ=DAILY;INTERVAL=1";wrkd_cdp.cliente_fic_det;SIM;TACACA
BI03SB83;04:30:00;;;;;;;;"FREQ=DAILY;INTERVAL=1";wrkd_cdp.wrk_cupons_siac_crm;SIM;TACACA
BI03SB84;NULL;BI03SB83_CDP;;;;;;;"FREQ=DAILY;INTERVAL=1";wrkd_cdp.wrk_pagamento_siac_crm;SIM;TACACA
BI03SB85;NULL;BI03SB82_CDP;;;;;;;"FREQ=DAILY;INTERVAL=1";rfzd_cliente.cliente_fic;SIM;TACACA
BI03SB88;06:00:00;;;;;;;;"FREQ=DAILY;INTERVAL=1";rwzd_crm_sap.cdp_score_formato;SIM;TACACA
BI03SB89;06:00:00;;;;;;;;"FREQ=DAILY;INTERVAL=1";rwzd_crm_sap.cdp_score_periodo;SIM;TACACA
BI03SB90;06:00:00;;;;;;;;"FREQ=DAILY;INTERVAL=1";rwzd_crm_sap.cdp_score_dia_semana;SIM;TACACA
BI03SB91;NULL;BI03SB88_CDP;;;;;;;"FREQ=DAILY;INTERVAL=1";tszd_cliente.cdp_score_rfm_formato;SIM;TACACA
BI03SB92;NULL;BI03SB89_CDP;;;;;;;"FREQ=DAILY;INTERVAL=1";tszd_cliente.cdp_score_rfm_periodo;SIM;TACACA
BI03SB93;NULL;BI03SB90_CDP;;;;;;;"FREQ=DAILY;INTERVAL=1";tszd_cliente.cdp_score_rfm_dia_semana;SIM;TACACA
BI03SB94;NULL;BI03SB82_CDP;;;;;;;"FREQ=DAILY;INTERVAL=1";wrkd_cdp.wrk_cupons_cdp;SIM;PYSPARK
BI03SB95;NULL;BI03SB94_CDP;;;;;;;"FREQ=DAILY;INTERVAL=1";wrkd_cdp.wrk_devolucao_cdp;SIM;TACACA
BI03SB96;NULL;BI03SB95_CDP;;;;;;;"FREQ=DAILY;INTERVAL=1";rfzd_cliente.cliente_cupom_item;SIM;TACACA
BI03SB97;10:00:00;;;;;;;;"FREQ=DAILY;INTERVAL=1";rwzd_ecom.ex_product_on_basket;SIM;PYSPARK
BI03SB98;06:00:00; BI03SB97_CDP;;;;;;;"FREQ=DAILY;INTERVAL=1";rwzd_ecom.ex_store;SIM;PYSPARK
BI03SB99;06:00:00; BI03SB98_CDP;;;;;;;"FREQ=DAILY;INTERVAL=1";rwzd_ecom.pa_product_on_basket;SIM;PYSPARK
BI03SC01;06:00:00; BI03SB99_CDP;;;;;;;"FREQ=DAILY;INTERVAL=1";rwzd_ecom.pa_store;SIM;PYSPARK
BI03SC02;NULL;BI03SB91_CDP;;;;;;;"FREQ=DAILY;INTERVAL=1";Shell Envio Responsys - rfzv_cliente.v_resp_score_rfm_formato_ex;SIM;PYSPARK
BI03SC03;NULL;BI03SB91_CDP;;;;;;;"FREQ=DAILY;INTERVAL=1";Shell Envio Responsys - rfzv_cliente.v_resp_score_rfm_formato_pa;SIM;PYSPARK
BI03SC04;NULL;BI03SB92_CDP;;;;;;;"FREQ=DAILY;INTERVAL=1";Shell Envio Responsys - rfzv_cliente.v_resp_score_rfm_periodo_ex;SIM;PYSPARK
BI03SC05;NULL;BI03SB92_CDP;;;;;;;"FREQ=DAILY;INTERVAL=1";Shell Envio Responsys - rfzv_cliente.v_resp_score_rfm_periodo_pa;SIM;PYSPARK
BI03SC06;NULL;BI03SB93_CDP;;;;;;;"FREQ=DAILY;INTERVAL=1";Shell Envio Responsys - rfzv_cliente.v_resp_score_rfm_dia_semana_ex;SIM;PYSPARK
BI03SC07;NULL;BI03SB93_CDP;;;;;;;"FREQ=DAILY;INTERVAL=1";Shell Envio Responsys - rfzv_cliente.v_resp_score_rfm_dia_semana_pa;SIM;PYSPARK
BI03SC08;10:00:00;;;;;;;;"FREQ=DAILY;INTERVAL=1";tszd_cliente.ex_ecom_product_on_basket;SIM;TACACA
BI03SC09;10:00:00;;;;;;;;"FREQ=DAILY;INTERVAL=1";tszd_cliente.ex_ecom_store ;SIM;TACACA
BI03SC10;10:00:00;;;;;;;;"FREQ=DAILY;INTERVAL=1";tszd_cliente.pa_ecom_product_on_basket;SIM;TACACA
BI03SC11;10:00:00;;;;;;;;"FREQ=DAILY;INTERVAL=1";tszd_cliente.pa_ecom_store ;SIM;TACACA
BI03SC12;NULL;TD49DA22;;;;;;;"FREQ=DAILY;INTERVAL=1";rwzd_teradata.d010_promocao_md;SIM;PYSPARK
BI03SC13;NULL;BI03SC12_CDP ;BI03SC13_CDP ;;;;;;"FREQ=DAILY;INTERVAL=1";RFZD_CLIENTE.MOV_CLI_PRE_ALOC_MD;DESCONTINUADA;TACACA
BI03SC14;NULL;BI03SB72_CDP;BI03SC12_CDP;;;;;;"FREQ=DAILY;INTERVAL=1";Shell Envio Responsys - rfzv_cliente.v_resp_mov_cli_pre_aloc_md_pa;SIM;PYSPARK
BI03SC15;06:00:00;;;;;;;;"FREQ=DAILY;INTERVAL=1";rwzd_dunnhumby.shopping_mission;DESCONTINUADA;PYSPARK
BI03SC16;06:00:00;;;;;;;;"FREQ=DAILY;INTERVAL=1";rwzd_dunnhumby.ex_shopping_habbit;SIM;TACACA
BI03SC17;06:00:00;BI03SC16_CDP;;;;;;;"FREQ=DAILY;INTERVAL=1";rwzd_dunnhumby.pa_shopping_habbit;SIM;TACACA
BI03SC18;06:00:00;BI03SC17_CDP;;;;;;;"FREQ=DAILY;INTERVAL=1";rwzd_dunnhumby.gpa_shopping_habbit;SIM;TACACA
BI03SC19;06:00:00;BI03SC18_CDP;;;;;;;"FREQ=DAILY;INTERVAL=1";rwzd_dunnhumby.dim_shopping_habbit;SIM;TACACA
BI03SC20;NULL;BI03SB72_CDP;;;;;;;"FREQ=DAILY;INTERVAL=1";Reservada para rotina esfriamento de registros MD (Kudo -> Hive) - tszd_teradata.d917_promo_hist;SIM;TACACA
BI03SC21;NULL;BI03SC20_CDP;;;;;;;"FREQ=DAILY;INTERVAL=1";Delete do esfriamento da tabela tszd_teradata.d917_promo;SIM;TACACA
BI03SC22;NULL;BI03SC14_CDP;;;;;;;"FREQ=DAILY;INTERVAL=1";Shell Envio Responsys - rfzv_cliente.v_resp_mov_cli_pre_aloc_md_ex;SIM;PYSPARK
BI03SC23;NULL;BI03SB82_CDP;;;;;;;"FREQ=DAILY;INTERVAL=1";Reservado CMV;SIM;PYSPARK
BI03SC24;06:00:00; BI03SC19_CDP;;;;;;;"FREQ=WEEKLY;INTERVAL=1;BYDAY=MO";rwzd_dunnhumby.ex_segmentacao_dna;DESCONTINUADA;TACACA
BI03SC25;06:00:00; BI03SC24_CDP;;;;;;;"FREQ=WEEKLY;INTERVAL=1;BYDAY=MO";rwzd_dunnhumby.pa_segmentacao_dna;DESCONTINUADA;TACACA
BI03SC26;06:00:00; BI03SC25_CDP;;;;;;;"FREQ=DAILY;INTERVAL=1";rwzd_dunnhumby.dim_segmentacao_dna;DESCONTINUADA;TACACA
BI03SC27;02:00:00;;;;;;;;"FREQ=DAILY;INTERVAL=1";rwzd_responsys.facebook_grupo_controle_ex;SIM;TACACA
BI03SC29;02:00:00;;;;;;;;"FREQ=DAILY;INTERVAL=1";rwzd_responsys.facebook_grupo_controle_pa;SIM;TACACA
BI03SC31;NULL;BI03SC24_CDP;BI03SC26_CDP;;;;;;"FREQ=DAILY;INTERVAL=1";tszd_cliente.ex_dunnhumby_segm_dna;SIM;TACACA
BI03SC32;NULL;BI03SC25_CDP;BI03SC26_CDP;;;;;;"FREQ=DAILY;INTERVAL=1";tszd_cliente.pa_dunnhumby_segm_dna;SIM;TACACA
BI03SC33;NULL;BI03SC71_CDP;;;;;;;"FREQ=DAILY;INTERVAL=1";tszd_fidelidade.cliente;SIM;PYSPARK
BI03SC34;NULL;BI03SC72_CDP;;;;;;;"FREQ=DAILY;INTERVAL=1";tszd_fidelidade.baseline;SIM;PYSPARK
BI03SC35;NULL;BI03SC73_CDP;;;;;;;"FREQ=DAILY;INTERVAL=1";tszd_fidelidade.cliente_missao;SIM;PYSPARK
BI03SC36;NULL;BI03SC74_CDP;;;;;;;"FREQ=DAILY;INTERVAL=1";tszd_fidelidade.missao;SIM;PYSPARK
BI03SC37;NULL;BI03SC75_CDP;;;;;;;"FREQ=DAILY;INTERVAL=1";tszd_fidelidade.perfil_compra;SIM;PYSPARK
BI03SC38;NULL;BI03SC76_CDP;;;;;;;"FREQ=DAILY;INTERVAL=1";tszd_fidelidade.stix_acumulo_transacao;SIM;PYSPARK
BI03SC39;03:00:00;;;;;;;;"FREQ=DAILY;INTERVAL=1";rwzd_fidelidade.mp_mission;SIM;PYSPARK
BI03SC40;03:00:00;;;;;;;;"FREQ=DAILY;INTERVAL=1";rwzd_fidelidade.mp_mission_customer;SIM;TACACA
BI03SC41;15:10:00;;;;;;;;"FREQ=DAILY;INTERVAL=1";rwzd_responsys.sms_click;SIM;TACACA
BI03SC42;15:10:00;;;;;;;;"FREQ=DAILY;INTERVAL=1";rwzd_responsys.sms_delivered;SIM;TACACA
BI03SC43;NULL;BI03SC31_CDP;;;;;;;"FREQ=DAILY;INTERVAL=1";Shell Envio Responsys - rfzv_cliente.v_resp_dunnhumby_segm_dna_ex;SIM;PYSPARK
BI03SC44;NULL;BI03SC32_CDP;;;;;;;"FREQ=DAILY;INTERVAL=1";Shell Envio Responsys - rfzv_cliente.v_resp_dunnhumby_segm_dna_pa;SIM;PYSPARK
BI03SC45;15:10:00;;;;;;;;"FREQ=DAILY;INTERVAL=1";rwzd_responsys.sms_optout;SIM;TACACA
BI03SC46;15:10:00;;;;;;;;"FREQ=DAILY;INTERVAL=1";rwzd_responsys.sms_received;SIM;TACACA
BI03SC47;15:10:00;;;;;;;;"FREQ=DAILY;INTERVAL=1";rwzd_responsys.sms_sent;SIM;TACACA
BI03SC48;02:00:00; BI03SC45_CDP;;;;;;;"FREQ=DAILY;INTERVAL=1";tszd_cliente.sms_optout;SIM;TACACA
BI03SC48;02:00:00; BI03SC45_CDP;;;;;;;"FREQ=DAILY;INTERVAL=1";tszd_cliente.sms_optout;SIM;TACACA
BI03SC49;06:00:00;;;;;;;;"FREQ=DAILY;INTERVAL=1";rwzd_adobe_analytics.app_event;SIM;TACACA
BI03SC50;02:00:00; BI03SC49_CDP;;;;;;;"FREQ=DAILY;INTERVAL=1";rwzd_adobe_analytics.ex_site_hit_data ;DESCONTINUADA;TACACA
BI03SC51;02:00:00; BI03SC50_CDP;;;;;;;"FREQ=DAILY;INTERVAL=1";rwzd_adobe_analytics.pa_site_hit_data ;DESCONTINUADA;TACACA
BI03SC52;02:00:00; BI03SC51_CDP;;;;;;;"FREQ=DAILY;INTERVAL=1";rwzd_adobe_analytics.ex_site_event;SIM;TACACA
BI03SC53;02:00:00; BI03SC52_CDP;;;;;;;"FREQ=DAILY;INTERVAL=1";rwzd_adobe_analytics.pa_site_event;SIM;TACACA
BI03SC54;05:00:00;;;;;;;;"FREQ=DAILY;INTERVAL=1";rwzd_crm_sap.cdp_score_rfm_categoria;SIM;TACACA
BI03SC55;NULL;BI03SC54_CDP;;;;;;;"FREQ=DAILY;INTERVAL=1";tszd_cliente.cdp_score_rfm_categoria;SIM;TACACA
BI03SC58;05:00:00;;;;;;;;"FREQ=DAILY;INTERVAL=1";rwzd_crm_sap.cdp_score_rfm_marca_exclusiva;SIM;PYSPARK
BI03SC59;NULL;BI03SC58_CDP;;;;;;;"FREQ=DAILY;INTERVAL=1";tszd_cliente.cdp_score_rfm_marca_exclusiva;SIM;TACACA
BI03SC62;05:00:00;;;;;;;;"FREQ=DAILY;INTERVAL=1";rwzd_adobe_analytics.app_hit_data;SIM;PYSPARK
BI03SC63;09:00:00;;;;;;;;"FREQ=DAILY;INTERVAL=1";rwzd_fic.ex_pre_aprovado ;SIM;TACACA
BI03SC64;09:00:00;;;;;;;;"FREQ=DAILY;INTERVAL=1";rwzd_fic.pa_pre_aprovado ;SIM;TACACA
BI03SC65;NULL;BI03SC63_CDP;;;;;;;"FREQ=DAILY;INTERVAL=1";tszd_fic.ex_pre_aprovado;SIM;TACACA
BI03SC66;NULL;BI03SC64_CDP;;;;;;;"FREQ=DAILY;INTERVAL=1";tszd_fic.pa_pre_aprovado;SIM;TACACA
BI03SC67;NULL;BI03SC65_CDP ;;;;;;;"FREQ=DAILY;INTERVAL=1";Shell Envio Responsys - rfzv_fic.v_resp_fic_pre_aprovado_ex ;SIM;PYSPARK
BI03SC68;NULL;BI03SC66_CDP;;;;;;;"FREQ=DAILY;INTERVAL=1";Shell Envio Responsys - rfzv_fic.v_resp_fic_pre_aprovado_pa;SIM;PYSPARK
BI03SC71;03:00:00; BI03DJ15_CDP;;;;;;;"FREQ=DAILY;INTERVAL=1";rwzd_fidelidade.cli_customer;SIM;PYSPARK
BI03SC72;03:00:00; BI03SC71_CDP;;;;;;;"FREQ=DAILY;INTERVAL=1";rwzd_fidelidade.fdl_customer_baseline;SIM;PYSPARK
BI03SC73;03:00:00; BI03SC72_CDP;;;;;;;"FREQ=DAILY;INTERVAL=1";rwzd_fidelidade.fdl_customer_goal;SIM;PYSPARK
BI03SC74;03:00:00; BI03SC73_CDP;;;;;;;"FREQ=DAILY;INTERVAL=1";rwzd_fidelidade. fdl_goal;SIM;PYSPARK
BI03SC75;03:05:00; BI03SC74_CDP;;;;;;;"FREQ=DAILY;INTERVAL=1";rwzd_fidelidade.fdl_purchase_profile;SIM;PYSPARK
BI03SC76;03:05:00; BI03SC75_CDP;;;;;;;"FREQ=DAILY;INTERVAL=1";rwzd_fidelidade.stix_accrual_transaction;SIM;PYSPARK
BI03SC77;06:00:00;;;;;;;;"FREQ=DAILY;INTERVAL=1";rwzd_dunnhumby.ex_alocacao_ofertas;SIM;TACACA
BI03SC78;06:00:00;;;;;;;;"FREQ=DAILY;INTERVAL=1";rwzd_dunnhumby.pa_alocacao_ofertas;SIM;TACACA
BI03SC79;NULL;BI03SB46_CDP;BI03SB96_CDP;;;;;;"FREQ=DAILY;INTERVAL=1";rfzd_cliente.cliente_dia_loja_subgrupo;SIM;PYSPARK
BI03SC80;06:00:00;;;;;;;;"FREQ=DAILY;INTERVAL=1";Shell Ccpia de Arquivo do Bucket Google Para Aws - ex_alocacao;DESCONTINUADA;PYSPARK
BI03SC81;06:00:00; BI03SC80_CDP;;;;;;;"FREQ=DAILY;INTERVAL=1";Shell Ccpia de Arquivo do Bucket Google Para Aws - pa_alocacao;DESCONTINUADA;PYSPARK
BI03SC82;06:00:00;;;;;;;;"FREQ=DAILY;INTERVAL=1";rwzd_responsys.grupo_controle_pa;SIM;TACACA
BI03SC83;NULL;BI03SC82_CDP;;;;;;;"FREQ=DAILY;INTERVAL=1";rwzd_responsys.grupo_controle_ex;SIM;TACACA
BI03SC84;06:00:00;;;;;;;;"FREQ=DAILY;INTERVAL=1";rwzd_adobe_analytics.site_hit_data;SIM;PYSPARK
BI03SC85;10:00:00;;;;;;;;"FREQ=DAILY;INTERVAL=1";rwzd_adobe_analytics.site_event;SIM;TACACA
BI03SC86;NULL;BI03DJ79_CDP;;;;;;;"FREQ=DAILY;INTERVAL=1";rwzd_fidelidade.appsflyer_out_non_org_events_report_pa;SIM;PYSPARK
BI03SC87;NULL;BI03SC86_CDP;;;;;;;"FREQ=DAILY;INTERVAL=1";rwzd_fidelidade.appsflyer_out_non_org_events_report_pa_ios;SIM;PYSPARK
BI03SC88;NULL;BI03SC86_CDP;;;;;;;"FREQ=DAILY;INTERVAL=1";rwzd_fidelidade.appsflyer_out_non_org_events_report_ex_ios;SIM;PYSPARK
BI03SB97;05:00:00;;;;;;;;"FREQ=DAILY;INTERVAL=1";rwzd_ecom.ex_product_on_basket;SIM;PYSPARK
BI03SB98;NULL;BI03SB97_CDP;;;;;;;"FREQ=DAILY;INTERVAL=1";rwzd_ecom.ex_store;SIM;PYSPARK
BI03SB99;NULL;BI03SB98_CDP;;;;;;;"FREQ=DAILY;INTERVAL=1";rwzd_ecom.pa_product_on_basket;SIM;PYSPARK
BI03SC01;NULL;BI03SB99_CDP;;;;;;;"FREQ=DAILY;INTERVAL=1";rwzd_ecom.pa_store;SIM;PYSPARK
